system,functional,band,root,energy_eV,wavelength_nm,fosc,dx,dy,dz,qx_bx_family_weight,qy_by_family_weight,confidence,source_file
chlorin,wb97xd,Qy,1,2.00971,616.9,0.162857069,1.15052,-1.40849,0.009,0,0.9738,high,chlorin_ch2cl2_wb97xd.out
chlorin,wb97xd,Qx,2,2.543854,487.4,0.001710497,0.12847,0.1046,0.00028,0.972911,0,high,chlorin_ch2cl2_wb97xd.out
chlorin,wb97xd,Bx,3,3.406888,363.9,1.558736941,3.34815,2.73216,0.00624,0.9594400000000001,0,high,chlorin_ch2cl2_wb97xd.out
chlorin,wb97xd,By,4,3.60588,343.8,1.317691671,-2.44024,2.99345,-0.01398,0,0.954806,high,chlorin_ch2cl2_wb97xd.out
chlorin,camb3lyp,Qy,1,2.121634,584.4,0.174926334,-1.16034,1.42087,-0.00895,0,0.981333,high,chlorin_ch2cl2_camb3lyp.out
chlorin,camb3lyp,Qx,2,2.5423,487.7,0.00242242,0.15307,0.12434,0.00033,0.982774,0,high,chlorin_ch2cl2_camb3lyp.out
chlorin,camb3lyp,Bx,3,3.391754,365.5,1.527856149,-3.32204,-2.7112,-0.0062,0.967068,0,high,chlorin_ch2cl2_camb3lyp.out
chlorin,camb3lyp,By,4,3.526992,351.5,1.225341944,-2.38002,2.9182,-0.01395,0,0.96109,high,chlorin_ch2cl2_camb3lyp.out
chlorin,tpss,Qy,1,2.231055,555.7,0.122292855,-0.94616,1.15848,-0.00753,0,0.989035,high,chlorin_ch2cl2_tpss.out
chlorin,tpss,Qx,2,2.356599,526.1,0.007294517,0.27588,0.22413,0.00054,0.991625,0,high,chlorin_ch2cl2_tpss.out
chlorin,tpss,Bx,5,3.268947,379.3,1.205001507,3.00504,2.45269,0.00563,0.7917890000000001,0,low,chlorin_ch2cl2_tpss.out
chlorin,tpss,By,4,3.093289,400.8,0.744603267,-1.98102,2.42913,-0.0129,0,0.868224,medium,chlorin_ch2cl2_tpss.out
chlorin,m062x,Qy,1,2.181086,568.5,0.178942408,-1.15737,1.41745,-0.00883,0,0.983443,high,chlorin_ch2cl2_m062x.out
chlorin,m062x,Qx,2,2.606188,475.7,0.002973223,0.16751,0.13604,0.00035,0.986523,0,high,chlorin_ch2cl2_m062x.out
chlorin,m062x,Bx,3,3.398613,364.8,1.516935249,3.30654,2.69907,0.00611,0.970724,0,high,chlorin_ch2cl2_m062x.out
chlorin,m062x,By,4,3.521037,352.1,1.229370027,-2.38646,2.92505,-0.01398,0,0.9673039999999999,high,chlorin_ch2cl2_m062x.out
chlorin,pbe0,Qy,1,2.26339,547.8,0.17735463,1.13121,-1.38514,0.00872,0,0.991109,high,chlorin_ch2cl2_pbe0.out
chlorin,pbe0,Qx,2,2.519194,492.2,0.005519861,-0.23209,-0.1886,-0.00046,0.99455,0,high,chlorin_ch2cl2_pbe0.out
chlorin,pbe0,Bx,3,3.344449,370.7,1.378694486,3.18547,2.58436,0.006,0.948672,0,high,chlorin_ch2cl2_pbe0.out
chlorin,pbe0,By,4,3.353375,369.7,0.999769113,-2.19395,2.71211,-0.01342,0,0.939379,high,chlorin_ch2cl2_pbe0.out
mg_phorbine_e,wb97xd,Qy,1,2.013482,615.8,0.294020478,0.65307,-1.79003,1.52631,0.010599,0.954799,high,mg_phorbine_e_ch2cl2_wb97xd.out
mg_phorbine_e,wb97xd,Qx,2,2.513263,493.3,0.121464663,-0.98248,0.90156,0.44113,0.945167,0.016718,high,mg_phorbine_e_ch2cl2_wb97xd.out
mg_phorbine_e,wb97xd,Bx,3,3.371837,367.7,1.265981929,-2.76827,2.2605,1.59746,0.890965,0.045546,high,mg_phorbine_e_ch2cl2_wb97xd.out
mg_phorbine_e,wb97xd,By,4,3.649478,339.7,1.143303012,0.41653,-2.27732,2.72533,0.06533900000000001,0.837439,high,mg_phorbine_e_ch2cl2_wb97xd.out
mg_phorbine_e,camb3lyp,Qy,1,2.076723,597.0,0.319289272,0.66694,-1.83619,1.56814,0,0.9717279999999999,high,mg_phorbine_e_ch2cl2_camb3lyp.out
mg_phorbine_e,camb3lyp,Qx,2,2.440325,508.1,0.102406109,-0.91872,0.7842,0.50383,0.9674179999999999,0,high,mg_phorbine_e_ch2cl2_camb3lyp.out
mg_phorbine_e,camb3lyp,Bx,3,3.323119,373.1,1.154297277,-2.64953,2.02284,1.75102,0.936233,0.014184,high,mg_phorbine_e_ch2cl2_camb3lyp.out
mg_phorbine_e,camb3lyp,By,4,3.54364,349.9,1.076858015,0.68205,-2.42369,2.46257,0.014804,0.913133,high,mg_phorbine_e_ch2cl2_camb3lyp.out
mg_phorbine_e,tpss,Qy,1,2.065249,600.3,0.167503588,0.01356,-1.02232,1.50505,0.276709,0.696389,high,mg_phorbine_e_ch2cl2_tpss.out
mg_phorbine_e,tpss,Qx,2,2.084255,594.9,0.165926162,0.99539,-1.45844,0.36273,0.699222,0.287282,high,mg_phorbine_e_ch2cl2_tpss.out
mg_phorbine_e,tpss,Bx,5,2.921381,424.4,0.302316221,1.20792,-1.63798,0.28612,0.207473,0.28249300000000005,low,mg_phorbine_e_ch2cl2_tpss.out
mg_phorbine_e,tpss,By,4,2.851225,434.8,0.272914018,0.79399,0.23045,-1.79538,0.425554,0.352356,low,mg_phorbine_e_ch2cl2_tpss.out
mg_phorbine_e,m062x,Qy,1,2.126519,583.0,0.330014649,0.6815,-1.85091,1.56336,0,0.9780019999999999,high,mg_phorbine_e_ch2cl2_m062x.out
mg_phorbine_e,m062x,Qx,2,2.475287,500.9,0.104122731,0.92015,-0.75006,-0.55471,0.976116,0,high,mg_phorbine_e_ch2cl2_m062x.out
mg_phorbine_e,m062x,Bx,3,3.334875,371.8,1.157420677,-2.64357,1.98468,1.79967,0.948196,0.01,high,mg_phorbine_e_ch2cl2_m062x.out
mg_phorbine_e,m062x,By,4,3.534127,350.8,1.071840897,-0.71033,2.4383,-2.435,0.010653,0.932669,high,mg_phorbine_e_ch2cl2_m062x.out
mg_phorbine_e,pbe0,Qy,1,2.144798,578.1,0.332577202,-0.67126,1.84954,-1.56774,0,0.987316,high,mg_phorbine_e_ch2cl2_pbe0.out
mg_phorbine_e,pbe0,Qx,2,2.307217,537.4,0.087089379,-0.86268,0.63504,0.62706,0.986343,0,high,mg_phorbine_e_ch2cl2_pbe0.out
mg_phorbine_e,pbe0,Bx,3,3.170984,391.0,0.719525532,2.00003,-1.07204,-2.0279,0.8783329999999999,0.032434,high,mg_phorbine_e_ch2cl2_pbe0.out
mg_phorbine_e,pbe0,By,4,3.298161,375.9,0.904141442,-1.32517,2.63063,-1.58528,0.022925,0.898027,high,mg_phorbine_e_ch2cl2_pbe0.out
chlorophyllide_a,wb97xd,Qy,1,1.931047,642.1,0.364743573,-0.83061,1.66659,-2.05967,0.010425,0.95018,high,chlorophyllide_a_ch2cl2_wb97xd.out
chlorophyllide_a,wb97xd,Qx,2,2.470754,501.8,0.089830271,-0.89924,0.81824,0.07652,0.937258,0.01881,high,chlorophyllide_a_ch2cl2_wb97xd.out
chlorophyllide_a,wb97xd,Bx,3,3.256468,380.7,1.273500571,2.88204,-2.16138,-1.72759,0.915292,0.010063,high,chlorophyllide_a_ch2cl2_wb97xd.out
chlorophyllide_a,wb97xd,By,5,3.63088,341.5,1.015790421,-0.44679,1.72445,-2.87155,0.032203999999999997,0.737858,high,chlorophyllide_a_ch2cl2_wb97xd.out
chlorophyllide_a,camb3lyp,Qy,1,1.992558,622.2,0.399331528,0.85785,-1.71604,2.12121,0,0.9710350000000001,high,chlorophyllide_a_ch2cl2_camb3lyp.out
chlorophyllide_a,camb3lyp,Qx,2,2.413977,513.6,0.075410884,0.85066,-0.71146,-0.21283,0.962987,0,high,chlorophyllide_a_ch2cl2_camb3lyp.out
chlorophyllide_a,camb3lyp,Bx,3,3.203345,387.0,1.171515868,-2.7542,1.98763,1.84152,0.935017,0,high,chlorophyllide_a_ch2cl2_camb3lyp.out
chlorophyllide_a,camb3lyp,By,5,3.521193,352.1,1.049284165,-0.77347,1.98297,-2.76273,0,0.840261,high,chlorophyllide_a_ch2cl2_camb3lyp.out
chlorophyllide_a,tpss,Qy,1,1.986487,624.1,0.35906228,0.89395,-1.67824,1.93963,0,0.974724,high,chlorophyllide_a_ch2cl2_tpss.out
chlorophyllide_a,tpss,Qx,2,2.084206,594.9,0.059822361,-0.76432,0.46832,0.60667,0.967342,0,high,chlorophyllide_a_ch2cl2_tpss.out
chlorophyllide_a,tpss,Bx,5,2.758321,449.5,0.379749901,1.19877,-0.39371,-2.00684,0.653257,0.159989,medium,chlorophyllide_a_ch2cl2_tpss.out
chlorophyllide_a,tpss,By,7,2.880527,430.4,0.526107614,1.54773,-1.9973,1.03454,0.153595,0.547598,medium,chlorophyllide_a_ch2cl2_tpss.out
chlorophyllide_a,m062x,Qy,1,2.043326,606.8,0.413679655,0.87911,-1.73499,2.11673,0,0.977479,high,chlorophyllide_a_ch2cl2_m062x.out
chlorophyllide_a,m062x,Qx,2,2.454496,505.1,0.077370688,-0.85714,0.6875,0.28158,0.97194,0,high,chlorophyllide_a_ch2cl2_m062x.out
chlorophyllide_a,m062x,Bx,3,3.215734,385.6,1.208022445,-2.78833,1.992,1.89485,0.954024,0,high,chlorophyllide_a_ch2cl2_m062x.out
chlorophyllide_a,m062x,By,5,3.511886,353.0,1.020612728,-0.79759,1.98204,-2.70138,0,0.839318,high,chlorophyllide_a_ch2cl2_m062x.out
chlorophyllide_a,pbe0,Qy,1,2.06041,601.7,0.427285992,0.90089,-1.76089,2.13361,0,0.987065,high,chlorophyllide_a_ch2cl2_pbe0.out
chlorophyllide_a,pbe0,Qx,2,2.3066,537.5,0.071135876,-0.83091,0.58378,0.47706,0.983042,0,high,chlorophyllide_a_ch2cl2_pbe0.out
chlorophyllide_a,pbe0,Bx,4,3.061109,405.0,0.870490117,2.36378,-1.56067,-1.89316,0.891692,0.01008,high,chlorophyllide_a_ch2cl2_pbe0.out
chlorophyllide_a,pbe0,By,6,3.271349,379.0,0.89780223,-1.24676,2.1906,-2.20202,0,0.821995,high,chlorophyllide_a_ch2cl2_pbe0.out
